{"SalidasDeseadas":[[0.0,1.0],[0.0,1.0],[0.0,1.0],[1.0,1.0],[-1.0,1.0],[0.0,1.0],[0.0,-1.0],[0.0,-1.0],[0.0,-1.0],[0.0,1.0],[0.0,1.0],[0.0,1.0]],"SalidasReales":[[-0.00751794572632325,1.0006507018552186],[-0.00287194359307974,1.0004662036881538],[0.0075311652581225852,1.0000389696962741],[1.0007150603292185,1.0001216002333624],[-0.99748815486440434,1.0003917111831497],[-0.003064589055042477,0.99573255245262338],[0.0063889112283601612,-0.99993849557033021],[-0.007893372737339921,-0.99961005677180736],[0.00138840034888299,-1.0004056769920908],[0.0055380701047627046,1.0009414618716004],[-0.00077581295401130124,1.0008785213991727],[-0.0022400094798997738,1.0007034534654295]],"Entradas":[[0.0,0.0],[0.0,1.0],[0.0,-1.0],[0.5,1.0],[0.5,-1.0],[0.5,0.0],[1.0,1.0],[1.0,-1.0],[1.0,0.0],[-1.0,0.0],[-1.0,-1.0],[-1.0,1.0]],"MayoresEntradas":[1.0,1.0],"MayoresSalidas":[1.0,1.0],"RataDinamica":0.0,"AlgoritmoEntrenamiento":1,"ErrorMaximo":5E-05,"ErrorEntrenamiento":0.0024064300641804259,"RataAprendizaje":0.1,"Patrones":12,"IteracionesEntrenamiento":2775,"IteracionesRequeridas":2000,"CantidadEntradas":2,"CantidadSalidas":2,"Entrenando":true,"Capas":[{"Tipo":1,"FuncionActivacion":0,"Salidas":[0.0018218587182555275,3.4160657572769044E-09,0.99999878970133671],"Neuronas":[{"Umbral":-4.7604660054819341,"SalidaNeurona":0.0018218587182555275,"PesosActuales":[2.4966033167758179,0.95099784378048657],"UmbralActual":-4.7604660054819341,"ErrorLineal":0.0,"PesosAnteriores":[2.4966043256002721,0.95099683495603238],"UmbralAnterior":-4.7604670143063883,"Pesos":[2.4966033167758179,0.95099784378048657]},{"Umbral":-7.7110702933758892,"SalidaNeurona":3.4160657572769044E-09,"PesosActuales":[10.988175893747128,-0.79553012093268172],"UmbralActual":-7.7110702933758892,"ErrorLineal":0.0,"PesosAnteriores":[10.988175893728886,-0.79553012091444031],"UmbralAnterior":-7.7110702933576478,"Pesos":[10.988175893747128,-0.79553012093268172]},{"Umbral":5.260689567833583,"SalidaNeurona":0.99999878970133671,"PesosActuales":[-10.118513457172787,-1.7545608864146842],"UmbralActual":5.260689567833583,"ErrorLineal":0.0,"PesosAnteriores":[-10.118513474120245,-1.754560869467225],"UmbralAnterior":5.2606895847810424,"Pesos":[-10.118513457172787,-1.7545608864146842]}],"ErroresNoLineales":[0.0027737215137447514,-0.026699450579694577,-0.07001362698346969],"ErroresLineales":[0.0,0.0,0.0],"MatrizPesos":[[2.4966043256002721,10.988175893728886,-10.118513474120245],[0.95099683495603238,-0.79553012091444031,-1.754560869467225]]},{"Tipo":1,"FuncionActivacion":1,"Salidas":[0.62330075675770846,0.91872054920658841,0.991178292139842,0.999719259981321,0.9945535011686818,0.96562188896147649,-0.99512846505942343],"Neuronas":[{"Umbral":1.7203626576605986,"SalidaNeurona":0.62330075675770846,"PesosActuales":[-2.559049242384885,-5.9965340998602095,-0.98287817600723359],"UmbralActual":1.7203626576605986,"ErrorLineal":0.0,"PesosAnteriores":[-2.5590514637285922,-5.996534099864375,-0.98409744784014308],"UmbralAnterior":1.7191433843520041,"Pesos":[-2.559049242384885,-5.9965340998602095,-0.98287817600723359]},{"Umbral":1.5262521335718191,"SalidaNeurona":0.91872054920658841,"PesosActuales":[0.94125447886341129,0.13814711437061777,0.05308593164608396],"UmbralActual":1.5262521335718191,"ErrorLineal":0.0,"PesosAnteriores":[0.94125421240175267,0.13814711437011815,0.052939673687979971],"UmbralAnterior":1.5261058754366992,"Pesos":[0.94125447886341129,0.13814711437061777,0.05308593164608396]},{"Umbral":1.60314984298857,"SalidaNeurona":0.991178292139842,"PesosActuales":[0.096221365199991,-0.34839143552506951,1.1062985905245812],"UmbralActual":1.60314984298857,"ErrorLineal":0.0,"PesosAnteriores":[0.096221375025577788,-0.34839143552505109,1.106303983684211],"UmbralAnterior":1.603155236154727,"Pesos":[0.096221365199991,-0.34839143552506951,1.1062985905245812]},{"Umbral":1.3472129700768856,"SalidaNeurona":0.999719259981321,"PesosActuales":[-1.9772573363695876,-4.2550309553274115,3.0919359897135],"UmbralActual":1.3472129700768856,"ErrorLineal":0.0,"PesosAnteriores":[-1.9772573352405474,-4.25503095532741,3.091936609431595],"UmbralAnterior":1.3472135897957307,"Pesos":[-1.9772573363695876,-4.2550309553274115,3.0919359897135]},{"Umbral":1.7405160785521658,"SalidaNeurona":0.9945535011686818,"PesosActuales":[0.49938029738718009,-0.592005793076806,1.210171882862638],"UmbralActual":1.7405160785521658,"ErrorLineal":0.0,"PesosAnteriores":[0.49938030190503624,-0.59200579307679757,1.210174362665607],"UmbralAnterior":1.7405185583581362,"Pesos":[0.49938029738718009,-0.592005793076806,1.210171882862638]},{"Umbral":0.53105010787665219,"SalidaNeurona":0.96562188896147649,"PesosActuales":[0.074109539289006335,1.5394302563775057,1.4919228491762984],"UmbralActual":0.53105010787665219,"ErrorLineal":0.0,"PesosAnteriores":[0.07410950811466531,1.5394302563774473,1.4919057379135068],"UmbralAnterior":0.53103299659315084,"Pesos":[0.074109539289006335,1.5394302563775057,1.4919228491762984]},{"Umbral":1.7123439314919686,"SalidaNeurona":-0.99512846505942343,"PesosActuales":[1.5203129383705534,0.6481519779379602,-4.7226120349424079],"UmbralActual":1.7123439314919686,"ErrorLineal":0.0,"PesosAnteriores":[1.5203129067293035,0.64815197793790091,-4.7226294024864544],"UmbralAnterior":1.7123265639269027,"Pesos":[1.5203129383705534,0.6481519779379602,-4.7226120349424079]}],"ErroresNoLineales":[0.0099695907770226445,0.0046891869612818828,-0.0015351505919806239,-0.0055193934431709089,-0.0011413651311504179,0.0012661075582037344,0.0089345411256807217],"ErroresLineales":[0.0,0.0,0.0,0.0,0.0,0.0,0.0],"MatrizPesos":[[-2.5590514637285922,0.94125421240175267,0.096221375025577788,-1.9772573352405474,0.49938030190503624,0.07410950811466531,1.5203129067293035],[-5.996534099864375,0.13814711437011815,-0.34839143552505109,-4.25503095532741,-0.59200579307679757,1.5394302563774473,0.64815197793790091],[-0.98409744784014308,0.052939673687979971,1.106303983684211,3.091936609431595,1.210174362665607,1.4919057379135068,-4.7226294024864544]]},{"Tipo":1,"FuncionActivacion":0,"Salidas":[0.054969047782701876,0.0076663859652579668,0.28081875258912087,0.21131184292883626],"Neuronas":[{"Umbral":0.075304492070048343,"SalidaNeurona":0.054969047782701876,"PesosActuales":[0.5691116857154298,0.050336491682776936,-0.0070979939111317416,0.77514590526075045,-1.3531631796547032,-1.5873064141246496,1.2157937346141725],"UmbralActual":0.075304492070048343,"ErrorLineal":0.0,"PesosAnteriores":[0.56909281145451818,0.0503086717721438,-0.00712800792522193,0.77511563261637029,-1.3531932958739892,-1.5873356542615764,1.2158238682440237],"UmbralAnterior":0.0752742109245388,"Pesos":[0.5691116857154298,0.050336491682776936,-0.0070979939111317416,0.77514590526075045,-1.3531631796547032,-1.5873064141246496,1.2157937346141725]},{"Umbral":0.5075907677716005,"SalidaNeurona":0.0076663859652579668,"PesosActuales":[-1.4858912319600024,-0.16282303697970427,-1.0471640729580787,-1.8431361453095798,-1.0365559894543552,0.83602452215677336,1.1967028471549188],"UmbralActual":0.5075907677716005,"ErrorLineal":0.0,"PesosAnteriores":[-1.4858924505330489,-0.16282483310795595,-1.0471660107435505,-1.8431380997929188,-1.0365579338384694,0.83602263433489243,1.196704792663106],"UmbralAnterior":0.5075888127394057,"Pesos":[-1.4858912319600024,-0.16282303697970427,-1.0471640729580787,-1.8431361453095798,-1.0365559894543552,0.83602452215677336,1.1967028471549188]},{"Umbral":0.28582416633756075,"SalidaNeurona":0.28081875258912087,"PesosActuales":[-1.623020156575633,-0.43826200293779394,0.28881504339231789,1.0923461229487252,-1.3915261455770165,-0.54164393050095283,-0.71900581057122581],"UmbralActual":0.28582416633756075,"ErrorLineal":0.0,"PesosAnteriores":[-1.6229149791577211,-0.43810697560291489,0.28898229743834214,1.0925148182202482,-1.3913583219892955,-0.54148098890998064,-0.719173731179874],"UmbralAnterior":0.28599290898189689,