{"SalidasDeseadas":[[0.0],[1.0],[1.0],[0.0]],"SalidasReales":[[4.8267031249604742E-06],[0.99999285697594265],[0.99999457030125],[-4.3642282920863806E-06]],"Entradas":[[0.0,0.0],[0.0,1.0],[1.0,0.0],[1.0,1.0]],"MayoresEntradas":[1.0,1.0],"MayoresSalidas":[1.0],"RataDinamica":0.0,"AlgoritmoEntrenamiento":1,"ErrorMaximo":1E-05,"ErrorEntrenamiento":5.4409135560873345E-06,"RataAprendizaje":0.5,"Patrones":4,"IteracionesEntrenamiento":17,"IteracionesRequeridas":200,"CantidadEntradas":2,"CantidadSalidas":1,"Entrenando":false,"Capas":[{"Tipo":1,"FuncionActivacion":0,"Salidas":[0.96924067779199263,0.15063064648780827],"Neuronas":[{"Umbral":2.289674765464063,"SalidaNeurona":0.96924067779199263,"PesosActuales":[4.9810175367721321,-3.8203733668780462],"UmbralActual":2.289674765464063,"ErrorLineal":0.0,"PesosAnteriores":[4.9810178413194288,-3.820373062330749],"UmbralAnterior":2.28967507001136,"Pesos":[4.9810175367721321,-3.8203733668780462]},{"Umbral":-2.2876598596795112,"SalidaNeurona":0.15063064648780827,"PesosActuales":[3.6094132337470817,-3.0514126163443795],"UmbralActual":-2.2876598596795112,"ErrorLineal":0.0,"PesosAnteriores":[3.6094118656826537,-3.0514139844088075],"UmbralAnterior":-2.2876612277439392,"Pesos":[3.6094132337470817,-3.0514126163443795]}],"ErroresNoLineales":[-1.021518779797909E-05,1.0692927534137714E-05],"ErroresLineales":[0.0,0.0],"MatrizPesos":[[4.9810178413194288,3.6094118656826537],[-3.820373062330749,-3.0514139844088075]]},{"Tipo":1,"FuncionActivacion":1,"Salidas":[-0.83647509020876365],"Neuronas":[{"Umbral":2.0383625370305509,"SalidaNeurona":-0.83647509020876365,"PesosActuales":[-4.0017479273618788,4.1889009353507172],"UmbralActual":2.0383625370305509,"ErrorLineal":0.0,"PesosAnteriores":[-4.0017486703761218,4.1889008198781434],"UmbralAnterior":2.0383617704363917,"Pesos":[-4.0017479273618788,4.1889009353507172]}],"ErroresNoLineales":[2.5526810000836388E-06],"ErroresLineales":[0.0],"MatrizPesos":[[-4.0017486703761218],[4.1889008198781434]]},{"Tipo":2,"FuncionActivacion":5,"Salidas":[-4.3642282920863806E-06],"Neuronas":[{"Umbral":0.48926268905111986,"SalidaNeurona":-4.3642282920863806E-06,"PesosActuales":[0.58490640207779865],"UmbralActual":0.48926268905111986,"ErrorLineal":0.0,"PesosAnteriores":[0.584910052646053],"UmbralAnterior":0.48925832482282777,"Pesos":[0.58490640207779865]}],"ErroresNoLineales":[0.0],"ErroresLineales":[4.3642282920863806E-06],"MatrizPesos":[[0.584910052646053]]}],"Entrenada":false,"variacionRealDeseada":[0.0,0.0],"ErroresLinealUltimaCapa":[4.3642282920863806E-06]}