{"SalidasDeseadas":[[0.0],[1.0],[1.0],[0.0]],"SalidasReales":[[0.47296962675331844],[0.54716762171387456],[0.43147283694001765],[0.52397534619586694]],"Entradas":[[0.0,0.0],[0.0,1.0],[1.0,0.0],[1.0,1.0]],"MayoresEntradas":[1.0,1.0],"MayoresSalidas":[1.0],"RataDinamica":3.6992858609809486E-20,"AlgoritmoEntrenamiento":1,"ErrorMaximo":0.05,"ErrorEntrenamiento":0.50457612857382328,"RataAprendizaje":0.09,"Patrones":4,"IteracionesEntrenamiento":20,"IteracionesRequeridas":20,"CantidadEntradas":2,"CantidadSalidas":1,"FuncionActivacion":[1,0],"Entrenando":true,"Capas":[{"Tipo":1,"FuncionActivacion":1,"Salidas":[0.5891352462977244],"Neuronas":[{"Umbral":0.93567507605396794,"SalidaNeurona":0.5891352462977244,"PesosActuales":[0.76216030540431534,-0.92295112212355068],"UmbralActual":0.93567507605396794,"ErrorLineal":0.0,"PesosAnteriores":[0.72931241614040809,-0.95579901138745793],"UmbralAnterior":0.90282718679006069,"Pesos":[0.76216030540431534,-0.92295112212355068]}],"ErroresNoLineales":[0.2794957548829875],"ErroresLineales":[0.0],"MatrizPesos":[[0.72931241614040809],[-0.95579901138745793]]},{"Tipo":2,"FuncionActivacion":0,"Salidas":[0.52397534619586694],"Neuronas":[{"Umbral":0.31591237910947484,"SalidaNeurona":0.52397534619586694,"PesosActuales":[-0.58897856395383619],"UmbralActual":0.31591237910947484,"ErrorLineal":0.0,"PesosAnteriores":[-0.5334139419195294],"UmbralAnterior":0.4102279414247309,"Pesos":[-0.58897856395383619]}],"ErroresNoLineales":[0.0],"ErroresLineales":[-0.52397534619586694],"MatrizPesos":[[-0.5334139419195294]]}],"Entrenada":false,"variacionRealDeseada":[0.0,0.0],"ErroresLinealUltimaCapa":[-0.52397534619586694]}